{
  "model": "lgbm_v1",
  "oof_auc": 0.934205,
  "mean_auc": 0.935169,
  "std_auc": 0.012657,
  "fold_aucs": [
    0.915723,
    0.937202,
    0.939803,
    0.954119,
    0.928997
  ],
  "n_features": 56,
  "elapsed_s": 114.3
}