{
  "model": "lgbm_v1",
  "oof_auc": 0.948236,
  "mean_auc": 0.948252,
  "std_auc": 0.000509,
  "fold_aucs": [
    0.948062,
    0.947332,
    0.948587,
    0.948675,
    0.948602
  ],
  "n_features": 58,
  "elapsed_s": 105.6
}