{
  "model": "lgbm_v1",
  "oof_auc": 0.948285,
  "mean_auc": 0.948292,
  "std_auc": 0.000622,
  "fold_aucs": [
    0.947979,
    0.947244,
    0.948795,
    0.948965,
    0.948479
  ],
  "n_features": 71,
  "elapsed_s": 173.2
}