{
  "model": "lgbm_v1",
  "oof_auc": 0.932238,
  "mean_auc": 0.933348,
  "std_auc": 0.013178,
  "fold_aucs": [
    0.912853,
    0.93503,
    0.939761,
    0.952344,
    0.926752
  ],
  "n_features": 37,
  "elapsed_s": 114.2
}