{
  "model": "lgbm_v1",
  "oof_auc": 0.934182,
  "mean_auc": 0.934881,
  "std_auc": 0.012937,
  "fold_aucs": [
    0.914304,
    0.936884,
    0.939624,
    0.953864,
    0.929727
  ],
  "n_features": 56,
  "elapsed_s": 45.2
}