{
  "w_lgbm": 0.9954450471155011,
  "w_xgb": 0.0045549528844989196,
  "oof_lgbm_auc": 0.9341571650195036,
  "oof_xgb_auc": 0.9246849511678525,
  "oof_blend_auc": 0.9341585964180883
}