{
  "best_auc": 0.9243120465890623,
  "params": {
    "learning_rate": 0.021696049462202247,
    "num_leaves": 156,
    "max_depth": 9,
    "min_child_samples": 132,
    "feature_fraction": 0.6628499350216619,
    "bagging_fraction": 0.6107722653840225,
    "bagging_freq": 5,
    "reg_alpha": 0.08851409862957346,
    "reg_lambda": 0.5965725739332842,
    "scale_pos_weight": 4.660240161916775
  }
}